City,Lat,Lng,Max Temp,Humidity,Cloudiness,Wind Speed,Country,Date
Kapoeta,4.7717,33.5903,72.75,59,67,4.85,SS,1627962088
Nueva Granada,9.8017,-74.393,74.97,93,99,6.22,CO,1627962088
Maroantsetra,-15.4333,49.7333,65.1,87,46,3.53,MG,1627962088
Omboué,-1.5746,9.2618,73.76,89,96,4.21,GA,1627961857
Gornopravdinsk,60.05,69.9,57.49,96,100,7.05,RU,1627962089
Labuhan,-6.8844,112.2051,87.82,58,8,4.65,ID,1627962089
Saint Paul Harbor,57.79,-152.4072,54.91,76,90,10.36,US,1627962089
Qiongshan,20.0058,110.3542,85.98,84,75,11.18,CN,1627962090
Kapaa,22.0752,-159.319,84.18,77,40,4,US,1627962090
Jacareacanga,-6.2222,-57.7528,77.45,58,63,2.82,BR,1627962090
Great Bend,38.3645,-98.7648,70.88,52,1,5.75,US,1627962091
Wahpeton,46.2652,-96.6059,73.22,82,75,9.22,US,1627961874
Chauk,20.8833,94.8167,82.56,74,98,10.49,MM,1627962091
Vaini,-21.2,-175.2,75.36,64,20,12.66,TO,1627962092
Bethel,41.3712,-73.414,68.31,82,1,3.44,US,1627962092
Broome,42.2506,-75.833,57.56,81,0,0.2,US,1627962092
Kajaani,64.2273,27.7285,57.25,94,90,9.22,FI,1627962092
Mataura,-46.1927,168.8643,49.48,79,24,3.56,NZ,1627962093
Måløy,61.9353,5.1136,51.53,85,37,10.83,NO,1627962093
Kargasok,59.0556,80.8572,62.78,75,81,4.16,RU,1627962093
Bredasdorp,-34.5322,20.0403,51.12,93,5,3.44,ZA,1627962094
Santa Isabel Rio Negro,-0.4139,-65.0192,74.68,73,100,2.37,BR,1627962094
Arraial do Cabo,-22.9661,-42.0278,66.06,82,0,9.22,BR,1627962094
Pajapan,18.25,-94.7,77.32,77,83,5.55,MX,1627962094
Upernavik,72.7868,-56.1549,46.6,70,96,10.18,GL,1627962095
Pangani,-5.4333,38.9667,70.75,85,63,7.05,TZ,1627962095
Klaksvík,62.2266,-6.589,49.12,89,100,12.75,FO,1627961846
Port Alfred,-33.5906,26.891,54.23,83,0,10.54,ZA,1627962096
Russell,32.3502,-85.1999,73,88,75,0,US,1627962033
Bluff,-46.6,168.3333,49.8,60,34,6.35,NZ,1627962096
Saskylakh,71.9167,114.0833,73.85,35,25,9.42,RU,1627962096
Ol'ga,43.7444,135.2892,72.01,85,95,4.81,RU,1627962097
Atuona,-9.8,-139.0333,77.68,73,5,18.9,PF,1627962097
Chui,-33.6971,-53.4616,47.7,95,0,3.91,UY,1627962097
Praia,14.9215,-23.5087,77.54,83,20,6.91,CV,1627961837
Busselton,-33.65,115.3333,57.09,75,100,5.41,AU,1627962098
Longyearbyen,78.2186,15.6401,44.44,70,75,18.41,SJ,1627962098
Tura,25.5198,90.2201,80.11,90,100,4.27,IN,1627962098
Salinópolis,-0.6136,-47.3561,77.61,79,52,4.83,BR,1627962099
Thompson,55.7435,-97.8558,62.76,67,75,2.3,CA,1627962099
Ushuaia,-54.8,-68.3,37.06,87,40,18.41,AR,1627962099
Esperance,-33.8667,121.9,58.84,67,80,15.41,AU,1627961905
Lorengau,-2.0226,147.2712,85.26,70,41,10.29,PG,1627962100
Vestmannaeyjar,63.4427,-20.2734,52.72,83,100,6.73,IS,1627962100
Doha,25.2867,51.5333,100.38,49,16,1.14,QA,1627962100
Jamestown,42.097,-79.2353,60.44,78,1,2.33,US,1627962100
Pag,44.445,15.0575,59.58,58,73,7.31,HR,1627962101
Saldanha,-33.0117,17.9442,44.65,63,0,2.3,ZA,1627962101
Ahipara,-35.1667,173.1667,55.42,81,33,22.59,NZ,1627962101
Beloha,-25.1667,45.05,61.84,75,46,5.19,MG,1627962102
Mana,5.6592,-53.7767,77.02,84,87,5.64,GF,1627962102
Uruçuí,-7.2294,-44.5561,72.45,49,15,7.05,BR,1627962102
Rikitea,-23.1203,-134.9692,69.22,57,66,20.56,PF,1627962103
Nanortalik,60.1432,-45.2371,43.9,97,100,4.79,GL,1627961843
Port-de-Bouc,43.4,4.9833,66.96,82,0,8.05,FR,1627962103
Jalu,29.0331,21.5482,82.72,29,0,6.98,LY,1627962104
Lorena,-22.7308,-45.1247,59.54,92,1,1.74,BR,1627962104
Norman Wells,65.282,-126.8329,86.04,26,20,8.05,CA,1627962104
Yellowknife,62.456,-114.3525,81.12,32,75,5.75,CA,1627962105
Provideniya,64.3833,-173.3,53.71,82,90,13.42,RU,1627962105
Shitkino,56.3703,98.3543,75.65,50,8,4.14,RU,1627962105
Cabo San Lucas,22.8909,-109.9124,90.7,68,7,8.99,MX,1627962106
Hermanus,-34.4187,19.2345,56.89,71,0,3.56,ZA,1627962106
Port Elizabeth,-33.918,25.5701,48.49,93,75,4.61,ZA,1627961878
Moose Factory,51.2585,-80.6094,51.8,87,90,0,CA,1627962106
Puerto Ayora,-0.7393,-90.3518,70.72,91,63,9.57,EC,1627962107
Dakar,14.6937,-17.4441,77.88,94,40,6.91,SN,1627962107
Butaritari,3.0707,172.7902,81.21,76,39,4.85,KI,1627962107
Shimoda,34.6667,138.95,89.96,74,71,7.36,JP,1627962107
Albany,42.6001,-73.9662,59.59,86,0,4.09,US,1627962006
Sayyan,15.1718,44.3244,64,57,91,4.32,YE,1627962108
Hudson Bay,52.85,-102.3842,72.18,45,92,1.1,CA,1627962108
Berdigestyakh,62.0989,126.6992,69.37,67,100,7.45,RU,1627961870
Matagami,49.7502,-77.6328,59.11,94,90,10.36,CA,1627962109
Avarua,-21.2078,-159.775,77.05,78,75,9.22,CK,1627962109
Geraldton,-28.7667,114.6,62.13,67,0,14.97,AU,1627962109
Mackay,-21.15,149.2,82.69,50,3,10.36,AU,1627962110
Tuatapere,-46.1333,167.6833,49.82,71,38,4.32,NZ,1627962110
Faya,18.3851,42.4509,62.71,69,93,6.6,SA,1627962110
Hobart,-42.8794,147.3294,56.23,66,75,0,AU,1627961851
Chokurdakh,70.6333,147.9167,57.27,30,27,9.95,RU,1627962111
Belmonte,-15.8631,-38.8828,64.9,81,53,6.33,BR,1627962111
Lille,50.633,3.0586,57.7,88,90,1.14,FR,1627962054
Ayan,56.45,138.1667,53.04,93,100,9.73,RU,1627962111
São Filipe,14.8961,-24.4956,76.42,84,82,6.98,CV,1627962112
Punta Arenas,-53.15,-70.9167,37.51,81,0,28.77,CL,1627962112
Hithadhoo,-0.6,73.0833,82.38,72,97,9.37,MV,1627962112
Nikolskoye,59.7035,30.7861,61.02,95,85,10.36,RU,1627962112
Lingen,52.5167,7.3167,55.31,91,73,2.84,DE,1627962113
Mount Isa,-20.7333,139.5,69.57,21,90,16.11,AU,1627961841
Pitimbu,-7.4706,-34.8086,72.19,88,45,9.19,BR,1627962113
Rawicz,51.6095,16.8585,58.17,83,36,5.84,PL,1627962113
Olinda,-8.0089,-34.8553,73.13,88,75,10.36,BR,1627962114
Roald,62.5833,6.1333,51.01,81,75,6.91,NO,1627962114
Faanui,-16.4833,-151.75,78.53,77,35,11.56,PF,1627962114
San Policarpo,12.1791,125.5072,92.28,53,100,9.91,PH,1627962115
Manbij,36.5281,37.9549,81.37,37,74,10.22,SY,1627962115
Nicoya,10.1483,-85.452,74.75,94,100,3.56,CR,1627962056
Cidreira,-30.1811,-50.2056,49.75,89,1,5.5,BR,1627962115
Shumikha,55.2261,63.2961,75.56,49,37,12.17,RU,1627962116
Birao,10.2849,22.7882,69.67,97,78,4.99,CF,1627962116
Kavieng,-2.5744,150.7967,83.25,76,37,8.08,PG,1627962116
Severo-Kuril'sk,50.6789,156.125,54.75,74,85,11.97,RU,1627962116
Port-Gentil,-0.7193,8.7815,75.4,86,76,6.42,GA,1627962117
Iquitos,-3.7481,-73.2472,71.64,94,40,0,PE,1627962117
Mitsamiouli,-11.3847,43.2844,75.58,69,0,4.79,KM,1627962117
‘Āhuimanu,21.4447,-157.8378,87.51,57,40,17.27,US,1627962118
Necochea,-38.5473,-58.7368,47.03,73,8,10.83,AR,1627962118
Hilo,19.7297,-155.09,78.53,78,90,10.36,US,1627962032
New Norfolk,-42.7826,147.0587,55.89,64,98,1.07,AU,1627962118
Bonthe,7.5264,-12.505,75.2,78,22,2.93,SL,1627962119
Sirte,31.2089,16.5887,81.7,72,0,6.26,LY,1627962119
Stornoway,58.2093,-6.3865,55.92,82,90,8.05,GB,1627962120
Quesnel,52.9999,-122.5029,64.9,94,76,5.75,CA,1627962087
Ponta Delgada,37.7333,-25.6667,66.92,82,20,8.05,PT,1627962120
Chennai,13.0878,80.2785,89.58,55,20,13.8,IN,1627961894
Kiryat Gat,31.61,34.7642,82.4,50,0,2.33,IL,1627962120
Semey,50.4111,80.2275,80.82,36,0,6.71,KZ,1627962121
Olafsvik,64.8945,-23.7142,52.54,79,100,4.99,IS,1627962121
Mingshui,36.7167,117.5,85.71,58,11,4.25,CN,1627962121
Fairbanks,64.8378,-147.7164,87.76,40,1,5.75,US,1627962122
Kruisfontein,-34.0033,24.7314,48.87,86,0,8.63,ZA,1627962122
Castro,-24.7911,-50.0119,46.2,90,0,2.51,BR,1627962016
Rathdrum,47.8137,-116.892,86.49,53,1,3.44,US,1627962122
Kamaishi,39.2667,141.8833,88.75,76,96,13.89,JP,1627962123
Vardø,70.3705,31.1107,48.4,79,100,7.74,NO,1627962123
Palāsa,18.7667,84.4167,88.14,59,100,8.39,IN,1627962123
Pedernales,18.0384,-71.744,80.64,72,70,3.78,DO,1627962124
Piaçabuçu,-10.4056,-36.4344,71.73,90,81,8.75,BR,1627962124
Rāichūr,16.2,77.3667,79.88,62,100,18.79,IN,1627962124
Cockburn Town,21.4612,-71.1419,81.82,78,83,18.88,TC,1627962124
Batagay-Alyta,67.8006,130.4114,73.99,22,0,8.41,RU,1627962125
Berlevåg,70.8578,29.0864,48.2,79,64,4.99,NO,1627962125
Khudumelapye,-23.8833,24.75,46.9,23,0,7.96,BW,1627962125
San Patricio,28.017,-97.5169,85.86,74,95,4.54,US,1627962126
La Paz,-16.5,-68.15,37.38,93,90,20.71,BO,1627962126
Hagersville,42.9668,-80.0497,68.09,82,0,6.29,CA,1627962126
Lamu,-2.2717,40.902,73.62,79,45,11.32,KE,1627962127
Makakilo City,21.3469,-158.0858,86.32,48,1,11.5,US,1627962127
East London,-33.0153,27.9116,56.34,88,0,6.91,ZA,1627962127
Krasnosel'kup,65.7,82.4667,67.32,71,100,4.72,RU,1627962128
Gigmoto,13.7796,124.39,87.84,70,100,16.87,PH,1627962119
Qaanaaq,77.484,-69.3632,43.14,71,89,4.45,GL,1627962128
Goderich,43.7501,-81.7165,59.92,88,48,3.44,CA,1627962128
Coyhaique,-45.5752,-72.0662,37.35,75,0,2.3,CL,1627962128
Haines Junction,60.7522,-137.5108,58.95,82,83,8.05,CA,1627962129
Imbituba,-28.24,-48.6703,57.09,90,62,8.79,BR,1627961914
Namatanai,-3.6667,152.4333,83.71,73,42,5.14,PG,1627961850
Orange Cove,36.6244,-119.3137,93.25,21,0,4.76,US,1627962129
Airai,-8.9266,125.4092,77.56,32,26,5.7,TL,1627962130
Seminole,28.7086,-81.2081,79.27,89,75,1.01,US,1627962130
Lugoba,-6.45,38.3333,64.31,96,59,2.75,TZ,1627962130
Khatanga,71.9667,102.5,77.97,40,100,15.57,RU,1627962131
Ous,60.9058,61.5186,68.4,63,0,3.98,RU,1627962131
Gillette,44.2911,-105.5022,76.69,28,1,10.36,US,1627961883
Poum,-20.2333,164.0167,70.36,66,0,9.24,NC,1627962131
Alakurtti,66.9672,30.3491,51.73,82,100,7.23,RU,1627962131
Karratha,-20.7377,116.8463,73.13,19,8,19.75,AU,1627962132
Laguna,38.421,-121.4238,88.3,31,1,8.05,US,1627962132
Asău,46.4333,26.4,65.95,79,28,1.81,RO,1627962132
Inhuma,-6.6683,-41.7078,69.17,63,5,11.01,BR,1627962133
Ancud,-41.8697,-73.8203,47.73,94,100,4.99,CL,1627962133
Saint George,37.1041,-113.5841,95.95,22,1,5.99,US,1627962133
Mar del Plata,-38.0023,-57.5575,49.12,53,0,1.01,AR,1627961954
Ponta do Sol,32.6667,-17.1,73,74,34,6.91,PT,1627962134
Mutatá,7.2441,-76.4356,74.26,96,100,1.48,CO,1627962134
Ponca City,36.707,-97.0856,74.1,76,1,0,US,1627962134
Sabang,5.8933,95.3214,83.39,75,100,21.85,ID,1627962135
Zeya,53.75,127.2667,77.4,53,100,2.55,RU,1627962135
Jurm,36.8648,70.8342,77.41,28,69,1.79,AF,1627962135
Coquimbo,-29.9533,-71.3436,55.13,87,90,1.14,CL,1627962136
Markova,48.6758,24.4138,57.2,89,44,3.04,UA,1627962136
Lebu,-37.6167,-73.65,50.95,92,40,16.62,CL,1627962136
Saint-Philippe,-21.3585,55.7679,67.59,66,0,2.46,RE,1627962137
Luganville,-15.5333,167.1667,76.95,49,83,5.73,VU,1627962137
Tovarkovskiy,53.6822,38.2092,65.28,89,98,8.57,RU,1627962137
Tigzirt,36.8886,4.1198,73.11,84,68,11.74,DZ,1627962138
San Juan del Sur,11.2529,-85.8705,78.31,86,100,5.37,NI,1627962138
Barrow,71.2906,-156.7887,46.42,87,90,17.27,US,1627962138
Constitución,-35.3333,-72.4167,52.54,67,0,4.97,CL,1627962139
Ostrovnoy,68.0531,39.5131,51.15,96,94,5.01,RU,1627962139
Kahului,20.8947,-156.47,83.46,70,40,21.85,US,1627961886
Pingliang,35.5392,106.6861,78.82,46,98,10.56,CN,1627962139
Yashkul',46.1711,45.3435,84.96,32,3,7.38,RU,1627962140
Avera,33.194,-82.5271,78.67,74,100,9.15,US,1627962083
Sur,22.5667,59.5289,90,53,53,7.23,OM,1627962140
Djambala,-2.5447,14.7533,67.24,60,92,3.11,CG,1627962140
Matucana,-11.85,-76.4,59.34,69,15,2.04,PE,1627962141
Calama,-22.4667,-68.9333,52.29,22,75,6.91,CL,1627962141
Bud,39.447,-86.1758,67.21,83,13,6.78,US,1627962141
Nantucket,41.2835,-70.0995,71.1,88,1,4.61,US,1627962142
Kemin,42.7846,75.6892,82.8,21,86,1.88,KG,1627962142
Itarema,-2.9248,-39.9167,74.1,83,39,3.44,BR,1627962142
Kabo,7.6994,18.629,69.37,97,100,3.49,CF,1627962143
Kushima,31.4583,131.2333,89.11,64,76,10.33,JP,1627961883
Souillac,-20.5167,57.5167,67.35,88,20,9.22,MU,1627962143
Aripuanã,-9.1667,-60.6333,73.78,46,29,2.8,BR,1627962143
Hambantota,6.1241,81.1185,86.34,74,20,14.97,LK,1627962065
Corinth,37.9407,22.9573,91.69,35,0,4.21,GR,1627962144
Lüderitz,-26.6481,15.1594,65.8,34,0,5.35,NA,1627962144
Boa Vista,2.8197,-60.6733,76.98,88,0,2.3,BR,1627962144
Diffa,13.3154,12.6113,79.86,72,52,8.79,NE,1627962145
Ribeira Grande,38.5167,-28.7,72.73,93,32,7.85,PT,1627962145
Dunedin,-45.8742,170.5036,47.8,64,57,18.99,NZ,1627961952
Otradnoye,59.7775,30.8181,61.18,95,87,10.33,RU,1627962145
Paraíso,9.8383,-83.8656,65.41,97,100,1.28,CR,1627962146
Hue,16.4667,107.6,98.71,39,40,10.36,VN,1627962146
Den Helder,52.9599,4.7593,56.97,91,90,0,NL,1627962146
Teshie,5.5836,-0.1072,77.56,88,20,11.5,GH,1627962147
Fort Nelson,58.8053,-122.7002,71.19,73,75,3.44,CA,1627962147
Suratgarh,29.3167,73.9,92.82,52,97,6.73,IN,1627962147
Mossamedes,-15.1961,12.1522,65.68,86,21,8.57,AO,1627962147
Gonder,12.6,37.4667,56.46,93,100,3.29,ET,1627962148
Tateyama,34.9833,139.8667,91.42,77,27,11.68,JP,1627962148
Katsuura,35.1333,140.3,91.51,76,46,11.03,JP,1627962148
Carnarvon,-24.8667,113.6333,68.07,29,0,13.8,AU,1627962149
Ayagoz,47.9714,80.4392,86.74,23,2,9.13,KZ,1627962149
Nador,35.174,-2.9287,68.25,77,20,3.44,MA,1627962149
Lima,-12.0432,-77.0282,60.13,88,90,9.22,PE,1627961909
Praia da Vitória,38.7333,-27.0667,72.75,94,75,4.05,PT,1627962150
Mahébourg,-20.4081,57.7,67.24,88,20,9.22,MU,1627962150
Yambio,4.5721,28.3955,64.56,97,84,1.79,SS,1627962150
Maragogi,-9.0122,-35.2225,73.08,88,66,9.62,BR,1627962151
Oron,4.8256,8.2343,73.94,94,100,1.28,NG,1627962151
Chapais,49.7834,-74.8492,58.78,94,100,11.9,CA,1627962151
Zhigansk,66.7697,123.3711,74.91,35,6,5.37,RU,1627962151
Abu Samrah,35.3029,37.1841,79.61,44,0,6.38,SY,1627962152
Belmopan,17.25,-88.7667,81.3,99,35,2.04,BZ,1627962152
Srednekolymsk,67.45,153.6833,55.22,41,13,14.63,RU,1627962152
Forio,40.7342,13.8646,75.81,77,71,1.99,IT,1627962153
Gewanē,10.1664,40.6453,79.66,59,100,1.81,ET,1627962153
Brae,60.3964,-1.353,51.71,74,100,3.22,GB,1627962153
Guerrero Negro,27.9769,-114.0611,73.99,75,77,10.87,MX,1627962060
Tuktoyaktuk,69.4541,-133.0374,46.4,93,90,13.8,CA,1627962154
Dalhousie,32.5333,75.9833,68.79,74,13,3.85,IN,1627962154
Ipixuna,-1.7625,-48.8043,78.75,83,73,2.71,BR,1627962154
Ilulissat,69.2167,-51.1,42.82,87,75,2.3,GL,1627962154
Cherskiy,68.75,161.3,46.18,58,100,20.2,RU,1627962155
Hulyaypole,47.6653,36.2578,76.12,65,65,4.97,UA,1627962155
Bridlington,54.0831,-0.1919,56.89,72,63,5.75,GB,1627962156
Shingū,33.7333,135.9833,79.92,83,87,4.63,JP,1627961887
Yumen,40.2833,97.2,78.03,14,28,4.25,CN,1627962156
Petropavlovsk-Kamchatskiy,53.0452,158.6483,63.19,55,75,6.71,RU,1627962156
Lázaro Cárdenas,17.9583,-102.2,80.78,83,50,4.34,MX,1627962157
George Town,5.4112,100.3354,89.55,68,20,1.99,MY,1627962061
Dabat,12.9842,37.765,52.25,94,100,2.98,ET,1627962157
Qandala,11.472,49.8728,88.18,49,64,9.26,SO,1627962158
Labuan,5.2767,115.2417,86.16,74,20,5.99,MY,1627962158
Nizwá,22.9333,57.5333,90.32,37,34,4.09,OM,1627962158
Chippewa Falls,44.9369,-91.3929,66.69,84,1,3.44,US,1627962003
Tasiilaq,65.6145,-37.6368,44.76,80,100,1.54,GL,1627962159
Puerto Princesa City,9.7392,118.7353,89.76,62,100,8.61,PH,1627962159
Ulladulla,-35.35,150.4667,62.87,49,9,14.16,AU,1627962140
Adré,13.4667,22.2,72.86,81,87,3.89,TD,1627962159
Pascagoula,30.3658,-88.5561,77.04,95,20,0,US,1627962160
Kaitangata,-46.2817,169.8464,49.93,58,22,9.4,NZ,1627962160
Richards Bay,-28.783,32.0377,61.38,88,83,7.47,ZA,1627962160
Flinders,-34.5833,150.8552,64.18,52,3,8.99,AU,1627962160
Merauke,-8.4667,140.3333,81.93,63,81,12.44,ID,1627962161
Toda Raisingh,26.0252,75.4849,76.39,91,100,17.87,IN,1627962161
Tomatlán,19.9333,-105.25,76.42,94,83,2.04,MX,1627962161
Santiago de Cao,-7.9589,-79.2392,63.46,90,14,13.89,PE,1627962162
La Dolorita,10.4883,-66.7861,65.64,97,83,3.6,VE,1627962162
São Miguel do Araguaia,-13.275,-50.1628,70.03,40,10,4.21,BR,1627962162
Alegrete,-29.7831,-55.7919,45.45,85,0,7.9,BR,1627962163
São João dos Patos,-6.495,-43.7022,66.69,52,19,3.98,BR,1627962163
Darnah,32.767,22.6367,83.86,59,0,16.04,LY,1627962163
Narsaq,60.9167,-46.05,46.62,95,100,2.55,GL,1627962164
Clarence Town,-32.5833,151.7833,71.82,44,6,13.11,AU,1627962164
Sondrio,46.169,9.8692,64.24,94,40,3.27,IT,1627962164
Miandrivazo,-19.5167,45.4667,67.06,75,42,2.08,MG,1627962165
Erzin,36.9559,36.2,79.52,69,1,1.1,TR,1627962165
Talnakh,69.4865,88.3972,79.93,38,99,7.47,RU,1627962165
Sioux Lookout,50.1001,-91.917,68.38,64,90,3.44,CA,1627962166
Wajir,1.7471,40.0573,71.33,71,70,8.95,KE,1627962166
Saint-Joseph,-21.3667,55.6167,66.58,66,0,3.18,RE,1627962166
Pisco,-13.7,-76.2167,62.65,82,90,2.3,PE,1627962167
Alofi,-19.0595,-169.9187,75.09,73,75,6.91,NU,1627962167
Suzhou,31.3114,120.6181,85.87,78,53,10.67,CN,1627961889
San Juan,-31.5375,-68.5364,54.95,31,0,1.41,AR,1627962167
Fuyang,32.9,115.8167,87.08,72,8,7.54,CN,1627962168
Henties Bay,-22.116,14.2845,58.86,80,0,7.49,NA,1627962168
Gwembe,-16.4975,27.6069,52.2,65,0,2.77,ZM,1627962168
Agüimes,27.9054,-15.4461,70.43,68,20,19.57,ES,1627962168
Lavrentiya,65.5833,-171,45.36,99,100,8.37,RU,1627962099
Richmond,37.5538,-77.4603,70.66,89,1,0,US,1627962169
Yilan,24.757,121.753,87.91,63,100,2.26,TW,1627962169
Bontang,0.1333,117.5,87.53,62,96,9.08,ID,1627962170
Port Hedland,-20.3167,118.5667,73.45,16,24,18.41,AU,1627962170
Kilindoni,-7.9139,39.6668,75.43,75,20,13.24,TZ,1627962170
Mandera,3.9366,41.867,74.05,63,100,12.01,KE,1627962171
Catalina Foothills,32.2979,-110.9187,91.26,40,75,10,US,1627962171
Izberbash,42.5696,47.8645,84.09,35,9,3.42,RU,1627962171
Pevek,69.7008,170.3133,34.57,89,100,16.42,RU,1627962171
Los Llanos de Aridane,28.6585,-17.9182,69.55,89,90,11.5,ES,1627962172
Bendigo,-36.7667,144.2833,46.63,88,100,5.99,AU,1627962172
Santa Marta,11.2408,-74.199,82.98,86,40,0,CO,1627962080
Kula,38.5473,28.6498,74.12,31,0,4,TR,1627962173
Rundu,-17.9333,19.7667,50.34,47,0,5.5,NA,1627962173
Sheridan,44.8333,-106.9173,82.58,41,20,1.01,US,1627962173
Bairiki Village,1.3292,172.9752,87.8,62,20,9.22,KI,1627962173
Isangel,-19.55,169.2667,78.91,50,20,9.22,VU,1627962174
Grindavik,63.8424,-22.4338,52.27,93,75,5.75,IS,1627962174
Boddam,57.4667,-1.7833,53.98,84,55,8.37,GB,1627962174
Tiksi,71.6872,128.8694,48.96,61,81,7.02,RU,1627962175
Juegang,32.3174,121.1855,86.99,78,50,11.59,CN,1627962175
Sinegor'ye,62.0788,150.477,48.54,53,99,9.37,RU,1627962175
Kosonsoy,41.2561,71.5508,79.36,22,100,3,UZ,1627962176
Livanates,38.7167,23.05,92.8,38,0,4.25,GR,1627962176
Macao,22.2006,113.5461,89.4,89,40,16.11,MO,1627962176
Phan Thiet,10.9333,108.1,89.85,57,97,18.41,VN,1627962177
Copiapó,-27.3667,-70.3333,51.49,55,0,0.47,CL,1627962096
São Félix do Xingu,-6.6447,-51.995,71.02,50,5,2.8,BR,1627962177
Road Town,18.4167,-64.6167,81.19,75,4,14.72,VG,1627962177
Makarov,48.6333,142.8,60.51,75,100,5.3,RU,1627962178
College,64.8569,-147.8028,87.75,40,20,3.44,US,1627961893
Comodoro Rivadavia,-45.8667,-67.5,51.66,25,0,11.5,AR,1627962178
Galveston,29.3669,-94.9669,87.15,85,1,1.01,US,1627962178
Namtsy,62.7161,129.6658,80.78,35,92,10.98,RU,1627962179
Bayir,37.2687,28.2167,72.12,28,0,5.44,TR,1627962179
Preobrazheniye,42.9019,133.9064,76.82,77,99,7.29,RU,1627962179
Naze,28.3667,129.4833,85.12,77,63,16.82,JP,1627962179
Barroquinha,-3.0189,-41.1361,70.11,89,17,2.08,BR,1627962180
Tucumã,-0.1833,-50.05,73.83,89,66,3.4,BR,1627962180
Shahr-e Bābak,30.1165,55.1186,79.36,31,85,5.32,IR,1627962180
Caravelas,-17.7125,-39.2481,65.68,82,27,3.31,BR,1627962181
Saint-Augustin,51.226,-58.6502,56.82,95,100,11.1,CA,1627962181
Pangnirtung,66.1451,-65.7125,43.93,90,100,1.9,CA,1627962181
Kaeo,-35.1,173.7833,58.32,76,46,18.77,NZ,1627962182
Colesberg,-30.72,25.0972,42.22,39,0,5.26,ZA,1627962182
Anadyr,64.75,177.4833,48.7,93,90,17,RU,1627962182
Gubkinskiy,64.434,76.5026,67.35,65,92,11.14,RU,1627962183
Warrington,53.3925,-2.5802,52.99,93,20,2.3,GB,1627962102
Portland,45.5234,-122.6762,87.37,55,20,1.99,US,1627961631
Alyangula,-13.8483,136.4192,82.27,74,40,8.05,AU,1627962183
Bandarbeyla,9.4942,50.8122,81.68,57,86,26.55,SO,1627962183
Tshikapa,-6.4167,20.8,67.35,36,79,2.55,CD,1627962184
Orotukan,62.2667,151.7,46.94,59,100,12.97,RU,1627962184
Laval,45.57,-73.692,66.38,62,1,5.99,CA,1627962168
Xanxerê,-26.8769,-52.4042,41.61,92,0,3.29,BR,1627962184
Smirnykh,49.75,142.8333,70.02,53,0,12.91,RU,1627962185
Esso,55.9333,158.7,52.77,64,94,10.67,RU,1627962185
Jumla,29.2747,82.1838,70.74,79,94,4.05,NP,1627962186
Manono,-7.3,27.4167,68.02,40,43,4.56,CD,1627962186
Vostok,46.4856,135.8833,74.62,85,93,2.48,RU,1627962186
Sisimiut,66.9395,-53.6735,46.89,92,98,2.21,GL,1627962187
Gamba,-2.65,10,71.71,92,100,0.34,GA,1627962187
Vaitape,-16.5167,-151.75,78.53,77,34,11.59,PF,1627962187
Oodweyne,9.4092,45.064,69.08,69,14,20.87,SO,1627962188
Sterling,39.0062,-77.4286,68.77,83,1,0,US,1627962096
Bambous Virieux,-20.3428,57.7575,67.21,88,20,9.22,MU,1627962188
Nyurba,63.2842,118.3319,82.15,34,0,11.61,RU,1627962188
Departamento de Maldonado,-34.6667,-54.9167,45.79,92,0,3.58,UY,1627961967
Walvis Bay,-22.9575,14.5053,59.09,94,0,12.66,NA,1627962189
Lanzhou,36.0564,103.7922,65.48,87,100,5.08,CN,1627962189
Fortuna,40.5982,-124.1573,55.9,67,90,1.99,US,1627962189
Lompoc,34.6391,-120.4579,70.09,81,1,10.36,US,1627962190
Hasaki,35.7333,140.8333,97.29,77,58,14.27,JP,1627962190
Bintulu,3.1667,113.0333,81.01,83,20,6.91,MY,1627962190
Saint-Louis,16.3333,-15,80.24,80,100,13.24,SN,1627962190
Palmer,42.1584,-72.3287,64.02,80,1,0,US,1627962191
Brainerd,46.358,-94.2008,67.08,63,90,0,US,1627962097
Spolaita,38.6966,21.3464,87.98,33,0,3.76,GR,1627962191
Davila,18.4726,120.5763,84.18,87,100,28.1,PH,1627962192
Estepona,36.4276,-5.1459,69.71,85,0,6.17,ES,1627962192
Nome,64.5011,-165.4064,62.67,78,90,14.97,US,1627962192
Lingsugūr,16.1667,76.5167,77.38,68,97,16.24,IN,1627962193
Lumphat,13.4878,106.9816,80.26,83,100,7.07,KH,1627962193
Rolla,37.9514,-91.7713,69.94,90,1,5.75,US,1627962193
Dikson,73.5069,80.5464,51.6,80,100,7.65,RU,1627962193
Saint Simons,31.1352,-81.3901,78.84,97,40,0,US,1627962194
Edgemere,39.2421,-76.448,69.69,86,1,0,US,1627962194
Višegrad,43.7847,19.2992,64,97,7,2.06,BA,1627962194
Waingapu,-9.6567,120.2641,86.72,59,71,14.92,ID,1627962195
Charlottetown,46.2352,-63.1267,59.29,99,75,4,CA,1627961913
Andenes,69.3143,16.1194,46.38,93,75,9.22,NO,1627962195
Schmalkalden,50.7167,10.45,55.51,97,38,3.38,DE,1627962195
Codrington,-38.2667,141.9667,51.48,71,74,24.79,AU,1627962196
Mount Gambier,-37.8333,140.7667,49.91,76,40,19.57,AU,1627962196
Torbay,47.6666,-52.7314,58.28,94,90,18.41,CA,1627962196
Floresta,-8.6011,-38.5686,68.68,82,63,15.19,BR,1627962196
Tonantins,-2.8731,-67.8022,72.48,72,51,2.3,BR,1627962197
Hay River,60.8156,-115.7999,84.18,39,20,6.91,CA,1627962197
Río Bueno,-40.3167,-72.9667,44.74,98,96,2.91,CL,1627962197
Ambanja,-13.6833,48.45,67.93,89,3,3.09,MG,1627962198
Honolulu,21.3069,-157.8583,87.62,56,20,1.99,US,1627962102
Cabedelo,-6.9811,-34.8339,72.27,86,24,9.71,BR,1627962198
Port Augusta,-32.5,137.7667,59.14,41,40,20.04,AU,1627962198
Okhotsk,59.3833,143.3,59.22,60,100,11.63,RU,1627962199
Monzón,41.9108,0.1941,66.54,75,32,3.85,ES,1627962199
Glendive,47.1053,-104.7125,82.02,29,1,10.36,US,1627962199
Ingham,42.6,-84.3833,62.78,88,1,0,US,1627962200
Petrolina,-9.3986,-40.5008,69.85,78,0,9.22,BR,1627962200
Bella Union,-30.2752,-57.6007,45.12,75,0,6.02,UY,1627962200
Touros,-5.1989,-35.4608,72.5,88,14,15.32,BR,1627962200
Novobessergenevka,47.1847,38.8462,81.46,50,5,4.81,RU,1627962201
Grand Gaube,-20.0064,57.6608,67.37,67,0,5.5,MU,1627962201
Bengkulu,-3.8004,102.2655,84,66,50,4.72,ID,1627962201
De Aar,-30.6497,24.0123,42.6,44,0,3.6,ZA,1627962202
Arlit,18.7369,7.3853,88.54,39,98,2.28,NE,1627962202
Kayseri Province,38.737,35.4968,59.02,77,0,2.3,TR,1627962024
Purranque,-40.9167,-73.1667,49.66,99,95,2.1,CL,1627962202
Haapiti,-17.5667,-149.8667,78.53,69,40,12.24,PF,1627962203
Qaqortoq,60.7167,-46.0333,46.9,96,100,3.18,GL,1627962203
Muscat,23.6139,58.5922,89.62,60,47,2.39,OM,1627962037
Jining,35.405,116.5814,86.41,62,8,5.01,CN,1627962203
Maniitsoq,65.4167,-52.9,47.32,88,88,9.53,GL,1627962204
Areia Branca,-4.9561,-37.1369,74.73,75,32,10.25,BR,1627962204
Terra Santa,-2.1042,-56.4869,72.72,89,67,2.15,BR,1627962204
Bella Vista,36.4295,-94.2316,74.08,78,1,5.99,US,1627962205
Pokhara,28.2333,83.9833,79.25,84,82,4.34,NP,1627962205
Changping,40.2186,116.2197,82.04,65,99,7,CN,1627962205
Yeppoon,-23.1333,150.7333,80.38,52,0,12.71,AU,1627962205
Kandrian,-6.2167,149.55,76.64,94,100,7.7,PG,1627962206
Muros,42.7762,-9.0603,62.83,90,82,6.17,ES,1627962206
San Lorenzo,-25.3333,-57.5333,49.59,81,0,5.99,PY,1627962206
Ajdabiya,30.7554,20.2263,81.9,32,0,4.29,LY,1627962207
Noumea,-22.2763,166.4572,75.18,67,0,11.32,NC,1627962207
Port Keats,-14.25,129.55,87.49,46,100,10.02,AU,1627962207
Naryan-Mar,67.6713,53.087,57.9,71,23,5.21,RU,1627962207
Whitehorse,60.7161,-135.0538,59.77,94,90,13.8,CA,1627962208
Tulun,54.5611,100.5792,74.5,42,74,4.43,RU,1627962208
Laas,46.6166,10.7002,54.01,92,83,2.73,IT,1627962209
Sakakah,29.9697,40.2064,83.77,16,0,4.5,SA,1627962209
Tigil',57.8,158.6667,54.37,55,67,17,RU,1627962209
Tarko-Sale,64.9225,77.785,70.84,57,16,12.64,RU,1627962210
Dongsheng,39.8161,109.9776,61.59,71,100,15.93,CN,1627962210
Yulara,-25.2406,130.9889,58.84,41,0,10.36,AU,1627962210
Oktyabr'skiy,54.4815,53.471,81.37,36,25,6.04,RU,1627962210
Dwārka,22.2394,68.9678,82.96,81,100,21.88,IN,1627962211
Castelo Branco,39.8222,-7.4909,65.79,68,100,2.95,PT,1627962211
Prince Rupert,54.3161,-130.3201,64.09,76,75,5.75,CA,1627962211
Manjacaze,-24.7117,33.8828,61.57,85,9,4.63,MZ,1627962212
Vanimo,-2.6741,141.3028,84.83,77,54,8.25,PG,1627962212
Kupang,-10.1667,123.5833,88.38,58,20,12.66,ID,1627962212
Segezha,63.7415,34.3222,56.55,96,100,14.23,RU,1627962212
Poya,-21.35,165.15,74.43,51,0,8.7,NC,1627962213
Pangody,65.85,74.4859,69.49,55,54,9.55,RU,1627962213
Hong Kong,22.2855,114.1577,89.65,88,99,1.01,HK,1627962088
Aykhal,66,111.5,77.47,33,60,19.19,RU,1627962214
Hearst,49.6835,-83.6665,59.25,98,100,4.92,CA,1627962214
Bilma,18.6853,12.9164,89.08,30,0,11.95,NE,1627962214
Mikuni,36.2171,136.1519,87.71,92,100,4.79,JP,1627962214
Kuliyapitiya,7.4688,80.0401,82.08,74,99,8.88,LK,1627962215
Trakai,54.6333,24.9333,56.77,93,8,9.66,LT,1627962215
Calbe,51.9,11.7667,59.83,77,76,2.95,DE,1627962215
Poros,37.4994,23.4536,92.48,43,0,10.83,GR,1627962216
Birin,26.8865,88.0718,73.35,75,100,4.29,NP,1627962216
Chaplynka,46.3651,33.5403,76.8,75,7,5.21,UA,1627962216
Culebra,18.303,-65.301,81.19,76,7,13.62,PR,1627962217
Kungurtug,50.5994,97.5228,65.16,48,100,1.97,RU,1627962217
Egvekinot,66.3167,-179.1667,35.56,93,100,13.11,RU,1627962217
Manokwari,-0.8667,134.0833,83.05,75,26,7.81,ID,1627962035
Orlovka,44.6914,44.1744,79.29,52,0,3.98,RU,1627962217
Sinnamary,5.3833,-52.95,78.19,79,90,5.41,GF,1627962218
Shelburne,44.0787,-80.2041,60.57,66,6,7.2,CA,1627962218
Lagoa,39.05,-27.9833,71.28,93,59,6.89,PT,1627962219
San Marcos,33.1434,-117.1661,85.48,66,1,1.01,US,1627962012
Babstovo,48.1167,132.4833,81.61,60,92,6.26,RU,1627962219
Ribeirão Branco,-24.2208,-48.7656,50.32,97,46,4.18,BR,1627962219
Edd,13.9297,41.6925,88.57,65,96,6.24,ER,1627962219
Nago,26.5881,127.9761,87.96,84,83,20.51,JP,1627962220
Mīrābād,30.4362,61.8383,91.76,10,1,27.76,AF,1627962220
Westport,41.1415,-73.3579,73.54,85,75,1.99,US,1627962220
Te Anau,-45.4167,167.7167,44.96,79,68,2.64,NZ,1627962221
Half Moon Bay,37.4636,-122.4286,73.11,78,40,1.01,US,1627962221
Ekibastuz,51.6667,75.3667,77.9,40,48,11.52,KZ,1627962221
San Quintín,30.4833,-115.95,72.07,72,5,7.23,MX,1627962222
Sittwe,20.15,92.9,80.96,86,100,12.08,MM,1627962222
Bukachacha,52.9833,116.9167,71.04,75,76,6.82,RU,1627962222
Altay,47.8667,88.1167,80.98,22,0,6.73,CN,1627962223
Paracale,14.2804,122.7881,92.71,54,98,7.65,PH,1627962223
San Andrés,12.5847,-81.7006,82.42,83,90,6.91,CO,1627962152
Parchim,53.4263,11.8488,57.65,97,14,5.86,DE,1627962223
Manado,1.487,124.8455,92.17,58,75,6.91,ID,1627962224
Mumford,5.2618,-0.759,74.68,91,99,6.91,GH,1627962224
Sitka,57.0531,-135.33,60.69,82,75,3.44,US,1627962224
Komatipoort,-25.4332,31.9548,55.06,93,2,1.5,ZA,1627962225
Balkanabat,39.5108,54.3671,91.78,16,95,8.01,TM,1627962225
Sārangarh,21.6,83.0833,75.9,90,100,6.06,IN,1627962225
Wattegama,6.7989,81.4808,85.12,41,100,5.66,LK,1627962225
Mwense,-10.3845,28.698,55.8,71,1,3.27,ZM,1627962226
La Ronge,55.1001,-105.2842,70.05,56,90,1.14,CA,1627962226
Kloulklubed,7.0419,134.2556,81.1,77,100,13.73,PW,1627962226
Chunskiy,56.0815,99.6342,76.51,45,44,2.39,RU,1627962227
Nekhayevskiy,50.4106,41.7561,81.21,42,31,5.03,RU,1627962227
Härnösand,62.6323,17.9379,53.01,65,7,13.38,SE,1627962227
Kangaatsiaq,68.3065,-53.4641,41.86,94,97,6.67,GL,1627962228
Amberley,39.2048,-84.428,67.17,80,1,0,US,1627962228
Riyadh,24.6877,46.7219,82.54,10,35,1.36,SA,1627962077
Al Bardīyah,31.7561,25.0865,79.27,83,0,15.1,LY,1627962228
Quang Ngai,15.1167,108.8,87.76,56,100,2.42,VN,1627962229
Saryozek,44.3583,77.9753,85.05,14,100,2.46,KZ,1627962229
Leningradskiy,69.3833,178.4167,32.99,99,100,8.7,RU,1627962229
Turinsk,58.0458,63.696,67.96,76,22,5.75,RU,1627962230
Pasni,25.2631,63.471,82.17,80,77,9.51,PK,1627962230
Emerald,-23.5333,148.1667,82.54,17,78,10.36,AU,1627962230
Birsk,55.4211,55.5428,76.89,41,52,7.54,RU,1627962231
Tongliao,43.6125,122.2653,68.23,81,100,3.74,CN,1627962231
Vila Velha,-20.3297,-40.2925,58.95,94,0,2.3,BR,1627962231
Tambo,-14.8,-73.9167,34.43,74,13,3.2,PE,1627962232
Messina,38.1933,15.5497,80.6,62,0,1.01,IT,1627962232
Springbok,-29.6643,17.8865,53.53,26,0,7.54,ZA,1627962232
Juneau,58.3019,-134.4197,66.2,79,75,6.91,US,1627962232
Avaré,-23.0986,-48.9258,50.76,92,0,6.24,BR,1627962233
Mudanya,40.3753,28.8822,77.09,37,0,4.97,TR,1627962233
Kapurthala Town,31.3794,75.3847,84.15,66,38,8.88,IN,1627962233
Fukuechō,32.6881,128.8419,86.36,66,75,9.22,JP,1627962234
Gostinu,44,26.1167,76.77,76,0,4.52,RO,1627962234
Rawson,-43.3002,-65.1023,53.29,56,64,10.76,AR,1627962049
San Fernando del Valle de Catamarca,-28.4696,-65.7852,60.78,39,1,1.01,AR,1627962234
Port Hawkesbury,45.6169,-61.3485,60.82,96,90,4,CA,1627962235
Formosa do Rio Preto,-11.0483,-45.1931,63.5,66,5,3.13,BR,1627962235
Esim,4.8699,-2.2405,75.42,91,97,4.12,GH,1627962235
Kashan,33.9831,51.4364,85.57,16,47,11.77,IR,1627962236
Albuquerque,35.0845,-106.6511,80.08,53,75,3,US,1627962113
Talara,-4.5772,-81.2719,65.07,87,21,12.59,PE,1627962236
Leeton,-34.5667,146.4,52.9,66,75,16.11,AU,1627962236
Makassar,-5.14,119.4221,86.05,54,20,2.3,ID,1627962237
Ulundi,-28.3352,31.4162,53.87,85,68,3.56,ZA,1627962237
Garoowe,8.4054,48.4845,76.89,57,18,26.93,SO,1627962237
Mandiana,10.6333,-8.6833,69.82,96,10,4.23,GN,1627962238
Villa Carlos Paz,-31.4241,-64.4978,53.24,33,0,4.52,AR,1627962238
Arrondissement de Mont-de-Marsan,44,-0.6667,61.11,88,75,2.3,FR,1627962238
Akdepe,42.0551,59.3788,84.29,25,23,12.93,TM,1627962238
Tadine,-21.55,167.8833,70.88,63,1,10.63,NC,1627962239
Ca Mau,9.1769,105.15,88.52,60,95,14.05,VN,1627962226
Coracora,-15.0333,-73.7833,46.17,66,22,0.22,PE,1627962239
Barentu,15.1139,37.5928,69.33,85,100,3.09,ER,1627962239
Bam,29.106,58.357,89.46,10,9,11.79,IR,1627962240
Magadan,59.5667,150.8,58.66,46,14,15.01,RU,1627962240
Bundaberg,-24.85,152.35,79.21,61,2,7,AU,1627962241
Margate,51.3813,1.3862,58.71,84,100,7.56,GB,1627961850
Beïnamar,8.6698,15.3813,69.51,98,100,3.65,TD,1627962241
Coxim,-18.5067,-54.76,67.59,48,5,3.65,BR,1627962241
Eureka,40.8021,-124.1637,56.17,72,42,5.01,US,1627962242
Paamiut,61.994,-49.6678,44.82,93,100,8.37,GL,1627962243
At-Bashi,41.1702,75.8106,66.29,47,15,0.94,KG,1627962243
Zimmi,7.3153,-11.3061,69.13,94,21,1.32,SL,1627962243
Sibolga,1.7427,98.7792,85.51,64,32,4.94,ID,1627962244
Pingzhuang,42.0372,119.2889,78.66,59,28,8.41,CN,1627962244
Marabu,4.4148,114.0089,86.14,66,40,9.22,MY,1627962244
Inongo,-1.95,18.2667,67.6,65,97,6.55,CD,1627962245
Sechura,-5.5569,-80.8222,64.87,82,10,9.57,PE,1627962246
Celestún,20.8667,-90.4,77.5,89,64,13.47,MX,1627962246
Vuktyl,63.8567,57.3094,62.6,84,36,5.97,RU,1627962246
Bafoulabé,13.8065,-10.8321,74.03,93,67,3.11,ML,1627962247
Hidalgo,20.5,-99,62.73,87,98,2.95,MX,1627962247
Young,-32.6833,-57.6333,47.23,87,0,5.7,UY,1627962247
Hazorasp,41.3194,61.0742,80.44,15,3,12.68,UZ,1627962248
Pacific Grove,36.6177,-121.9166,68.63,85,75,3,US,1627962135
Havelock,34.8791,-76.9013,76.95,94,47,8.52,US,1627962039
Bambanglipuro,-7.95,110.2833,79.41,80,91,14.32,ID,1627962248
Aksha,50.2814,113.2867,80.76,39,36,4.92,RU,1627962248
Amga,60.8953,131.9608,65.79,67,98,10.8,RU,1627962249
Ruteng,-8.6136,120.4721,75.04,61,50,1.86,ID,1627962249
Buluang,13.3068,123.3425,86.97,73,99,16.37,PH,1627962249
Nawābganj,24.5911,88.271,88.11,68,96,4.07,BD,1627962250
Menongue,-14.6585,17.691,49.28,56,1,5.23,AO,1627962250
Beaverlodge,55.2166,-119.4361,69.15,75,70,1.68,CA,1627962250
Inhambane,-23.865,35.3833,64.38,88,20,9.57,MZ,1627962251
Garcia Hernandez,9.6144,124.2946,85.46,71,100,15.68,PH,1627962251
Auki,-8.7676,160.7034,82.8,68,86,3.44,SB,1627962251
Forbes,-33.3833,148.0167,51.62,67,83,13.22,AU,1627962251
Qingdao,36.0986,120.3719,85.6,62,75,4.47,CN,1627962252
Kibala,9.1104,18.3463,75.15,88,20,0,TD,1627962252
